{"q_table": {"[3, 3, 2, 0]": [13163.720535456543, 13467.84731480814, 13371.39157775271, 13445.504416979787, 13299.36962655291, 13508.628916227957, 13476.200347561718, 13321.545177925058, 13364.254138140986, 13210.872559257481, 13216.906689335392, 13497.973950968048, 13505.515484171621, 13586.105934512923, 13306.93143876297, 13683.483626906844, 13396.909640408458, 13386.360865234983, 13570.051026377763, 13791.885877932384], "[3, 0, 2, 0]": [13353.567994892974, 13308.599321924434, 13408.899883233562, 13487.605291903807, 13365.38331974884, 13434.965965761286, 13415.96221858429, 13307.044974176264, 13417.419460796156, 13397.585685625641, 13388.184265858656, 13248.244634327857, 13235.794529723671, 13407.683292169088, 13272.986407401479, 13404.612205718891, 13675.982603165492, 13376.829175093966, 13790.987683943424, 13601.69570555511], "[3, 2, 2, 0]": [13398.113092932632, 13580.49309170886, 13482.764713075683, 13454.048829290334, 13572.783849146543, 13573.064388762115, 13539.296552339409, 13347.998418788618, 13494.64346009122, 13293.753244894862, 13315.33616850667, 13376.5792663431, 13441.580113446824, 13401.74111156815, 13485.481293130011, 13714.581859407112, 13600.705645379508, 13483.08189962756, 13421.735064001736, 13748.91133811506], "[2, 0, 2, 0]": [13154.936869272751, 13163.262301531193, 13105.34890703647, 13148.678152073113, 13253.428185630173, 13237.753317442019, 13393.875049838354, 13222.381103638007, 13188.055674563015, 13198.725235949156, 13161.778209863762, 13188.089802235547, 13216.676074010202, 13311.602492677395, 13203.442513291186, 13304.194129868087, 13254.262210888834, 13279.441559222036, 13195.777050597204, 13089.659343956699], "[3, 1, 2, 0]": [13467.951458905332, 13433.333486111967, 13364.066625088035, 13369.849264734356, 13430.145440634982, 13407.468214383105, 13293.15807831799, 13243.655713805187, 13260.853070787776, 13373.81286381867, 13358.772301919187, 13317.592784067761, 13439.823496413148, 13428.671626613375, 13523.630751462377, 13331.240737729891, 13394.040457518136, 13581.370330665597, 13236.367406822274, 13313.470521450508], "[2, 1, 2, 0]": [13056.582133254751, 13221.754832496546, 13195.318511000944, 13142.173775701474, 13243.614655432268, 13233.890349937374, 13201.745255937982, 13276.236853423396, 13202.91070897729, 13228.93589500705, 13215.163867928144, 13185.304453100835, 13202.932177583943, 13287.349420899518, 13173.419601133315, 13187.462260819542, 13248.607852025752, 13191.054125104414, 13259.252972962408, 13230.795317466807], "[2, 3, 2, 0]": [13150.896641640891, 13268.520095377193, 13253.02243353191, 13239.008285763983, 13125.000272576232, 13163.422702305668, 13139.154593011273, 13105.79382190448, 13268.58364762444, 13220.868221135703, 13176.666168712156, 13228.472729662717, 13094.567177189747, 13179.427287527284, 13291.176068828288, 13130.018069247219, 13282.44210745745, 13286.121707706123, 13203.436957487162, 13231.849277953443], "[2, 2, 2, 0]": [13122.459637781001, 13076.485176425445, 13169.622016817597, 13018.352209547089, 13113.840722920804, 13111.589872852304, 13128.342450879285, 13244.510936342043, 13264.606656043929, 13313.137168368978, 13219.555710054601, 13144.916240917379, 13241.220718404662, 13253.130683310077, 13299.696533243909, 13242.429031619513, 13212.563589089523, 13198.826892303663, 13277.938150609207, 13162.463664497674], "[1, 2, 2, 0]": [13145.892237039317, 13085.439911156138, 13059.451911672739, 13113.14243097091, 13103.052355349908, 13078.523155121085, 13114.637972486336, 13092.95638823726, 13166.39204389681, 13176.00950661597, 13063.809627137605, 13101.370022133771, 13197.810138433295, 13179.97711320386, 13235.661190776842, 13015.090547901014, 13152.842602785375, 13154.157541297072, 13075.127599275542, 13132.779417880385], "[1, 1, 2, 0]": [13111.95085107976, 13158.793369808067, 13100.270024121917, 13159.039496299174, 13054.730548315758, 13120.835476100488, 13145.29666082307, 13141.7480480944, 13053.357305761052, 13100.704330163551, 13104.793225389647, 13090.897807226725, 13159.730760833256, 13097.654384099917, 13140.540664820994, 13178.081742728118, 13174.647683105984, 13180.002361522427, 13131.296490500426, 13060.051205385244], "[1, 0, 2, 0]": [13191.761114170757, 13155.327351854497, 13086.095364072782, 13105.925252587058, 13266.506283567247, 13220.49548156671, 13198.037474938701, 13178.01610177776, 13215.44328544371, 13075.87005795757, 13115.618100942425, 13111.630371509042, 13088.956780776685, 13116.994313133126, 13173.524111289069, 13120.374834501208, 13191.952713000743, 13075.783453809818, 13078.758188732076, 13101.493200421], "[1, 3, 2, 0]": [13037.636592866193, 13089.644885413032, 13092.897893399999, 13153.616195873245, 13091.182709208522, 13134.920636670995, 13064.949746604416, 13157.641621267461, 13035.557764400648, 13097.22029520817, 13116.170344000771, 13203.831963847973, 13158.005253884037, 13208.17896465028, 13148.523965675005, 13186.99286047024, 13104.914982517988, 13150.097034951756, 13125.363656534611, 13166.068582510079], "[0, 2, 2, 0]": [11736.422390146436, 10934.668626097739, 11706.11978334204, 10483.473606648835, 11618.941256983107, 8550.124513520801, 11593.768046735799, 12035.506934428351, 11964.667049500518, 11347.845426986814, 9846.561178159585, 8547.847599388419, 11400.991836668454, 11057.46471206768, 11357.454708532478, 8991.336577130878, 11019.846456987305, 8643.450987300186, 12736.592904403622, 10291.721928161667], "[0, 0, 2, 0]": [13199.125657792903, 13062.85285491224, 13058.732753821669, 13045.301345749576, 12901.905777303018, 13144.705772280337, 13093.376642196434, 13108.372629884328, 13086.695174501787, 13015.5440515603, 12927.84674692687, 13084.300192971234, 13150.542159526653, 13005.259507029716, 13117.362736831448, 13037.197788746804, 13115.9440737403, 13247.472383700004, 13028.335751435128, 13107.022888662352], "[0, 1, 2, 0]": [12155.889691092658, 11161.792961658293, 11387.796877746927, 12306.739198205309, 11358.393812515345, 12061.715271499896, 10198.729105487475, 12103.50310888342, 11840.507623304371, 10214.178976954034, 10800.403910321578, 10975.551542504352, 11890.295421349829, 11619.621907788222, 11440.782645160854, 12324.209745465634, 11046.946784231022, 10475.691357378788, 11769.516656443755, 10451.103245212638], "[0, 3, 2, 0]": [11368.102171445473, 9099.091008376907, 9033.826957127869, 10458.154251965367, 11137.126835997176, 11691.11439130386, 11829.94508256514, 10930.89000899043, 10923.984788939031, 9017.26458739725, 11748.191829412615, 10700.599855182889, 11154.715914682012, 11004.117486763316, 12832.487567508919, 11463.070478116746, 10977.361545089087, 11792.29057369601, 11451.497939813444, 12313.797445581984], "[3, 2, 2, 1]": [5249.5135026900525, 1531.5358999645937, 1550.2966990866921, 0.0, 1566.813981402265, 2986.900454284444, 0.0, 1559.8083751632312, 0.0, 0.0, 1607.7858895073825, 0.0, 0.0, 0.0, 1575.174551209711, 1618.2128582487142, 0.0, 0.0, 3083.7483262380665, 0.0]}, "epsilon": 0.9752487531218751}